{
    "Cost computation": 2.694539785385132,
    "Cost aggregation": 421.7733986377716,
    "Cost optimization": 41.62071204185486,
    "Cost computation (r)": 2.690138578414917,
    "Cost aggregation (r)": 422.1201665401459,
    "Cost optimization (r)": 41.36802124977112,
    "Disparity refinement": 3.2216010093688965
}