{
    "Cost computation": 4.395787954330444,
    "Cost aggregation": 912.5338056087494,
    "Cost optimization": 78.86608266830444,
    "Cost computation (r)": 4.39887547492981,
    "Cost aggregation (r)": 913.0789058208466,
    "Cost optimization (r)": 77.72621250152588,
    "Disparity refinement": 4.789081811904907
}